{
  "method": "RS",
  "num_districts": 3,
  "baseline": {
    "obj": 8.612187109660422,
    "depot": "5041004",
    "K_sum": 3.906667163397583,
    "F_sum": 0.0,
    "num_districts": 3
  },
  "optimized": {
    "obj": 5.828289686112691,
    "depot": "5070002",
    "K_sum": null,
    "F_sum": null,
    "num_districts": 3
  },
  "improvement": 2.7838974235477307,
  "evaluations": {
    "FR_original": {
      "rider": {
        "expected": {
          "walk_s": 754.4546705454454,
          "wait_s": 998.8112137545447,
          "transit_s": 2762.3157189791723
        },
        "worstP": {
          "walk_s": 1423.3357899887176,
          "wait_s": 998.8112137545447,
          "transit_s": 2762.3157189791723
        },
        "worst_rider": {
          "walk_s": 3298.805776604055
        },
        "worst_user": {
          "walk_s": 3298.805776604055,
          "wait_s": 11263,
          "transit_s": 9316
        },
        "expected_min": {
          "walk_min": 12.574244509090757,
          "wait_min": 16.646853562575746,
          "transit_min": 46.03859531631954
        },
        "worstP_min": {
          "walk_min": 23.722263166478626,
          "wait_min": 16.646853562575746,
          "transit_min": 46.03859531631954
        },
        "worst_rider_min": {
          "walk_min": 54.98009627673425
        },
        "worst_user_min": {
          "walk_min": 54.98009627673425,
          "wait_min": 187.71666666666667,
          "transit_min": 155.26666666666668
        }
      },
      "provider": {
        "expected": {
          "linehaul_kmph": 0.0,
          "travel_kmph": 56.132295624892095,
          "odd_cost": 0.0
        },
        "worst": {
          "linehaul_kmph": 0.0,
          "travel_kmph": 56.132295624892095,
          "odd_cost": 0.0
        }
      }
    },
    "TSP_original_unconstrained": {
      "per_district_worst": {
        "5041001": {
          "dispatch_interval_h": 0.6997774945303823,
          "rider_wait_h": 0.34988874726519115,
          "rider_transit_h": 0.7310735381981461,
          "rider_worst_user_h": 2.0307104393568114,
          "rider_wait_min": 20.99332483591147,
          "rider_transit_min": 43.86441229188877,
          "rider_worst_user_min": 121.84262636140869,
          "provider_linehaul_kmph": 7.016849861574838,
          "provider_odd_cost": 0.0,
          "provider_travel_kmph": 39.09512789463059,
          "mass": 0.3574922928769888
        },
        "5041004": {
          "dispatch_interval_h": 0.1640731613897143,
          "rider_wait_h": 0.08203658069485716,
          "rider_transit_h": 0.4654077421575223,
          "rider_worst_user_h": 1.0948886457047589,
          "rider_wait_min": 4.92219484169143,
          "rider_transit_min": 27.92446452945134,
          "rider_worst_user_min": 65.69331874228553,
          "provider_linehaul_kmph": 0.0,
          "provider_odd_cost": 0.0,
          "provider_travel_kmph": 106.14941427195673,
          "mass": 0.7646042123519037
        },
        "5041005": {
          "dispatch_interval_h": 0.5496276461776055,
          "rider_wait_h": 0.27481382308880276,
          "rider_transit_h": 0.8078648422217024,
          "rider_worst_user_h": 2.087778977227984,
          "rider_wait_min": 16.488829385328167,
          "rider_transit_min": 48.471890533302144,
          "rider_worst_user_min": 125.26673863367904,
          "provider_linehaul_kmph": 5.281940840050766,
          "provider_odd_cost": 0.0,
          "provider_travel_kmph": 55.0036719876496,
          "mass": 0.517597930120226
        }
      },
      "aggregate_worst": {
        "rider_wait_h": 0.20128818184763916,
        "rider_transit_h": 0.6314317005518104,
        "rider_worst_user_h": 2.087778977227984,
        "rider_wait_min": 12.07729091085835,
        "rider_transit_min": 37.88590203310862,
        "rider_worst_user_min": 125.26673863367904,
        "provider_linehaul_kmph": 12.298790701625604,
        "provider_odd_cost": 0.0,
        "provider_travel_kmph": 200.24821415423693
      },
      "per_district_expected": {
        "5041001": {
          "dispatch_interval_h": 0.6997774945303823,
          "rider_wait_h": 0.34988874726519115,
          "rider_transit_h": 0.4493597643829489,
          "rider_worst_user_h": 1.4672828917264167,
          "rider_wait_min": 20.99332483591147,
          "rider_transit_min": 26.961585862976932,
          "rider_worst_user_min": 88.036973503585,
          "provider_linehaul_kmph": 7.016849861574838,
          "provider_odd_cost": 0.0,
          "provider_travel_kmph": 24.03010988819429,
          "mass": 0.13608627543737012
        },
        "5041004": {
          "dispatch_interval_h": 0.1640731613897143,
          "rider_wait_h": 0.08203658069485716,
          "rider_transit_h": 0.32319834174271145,
          "rider_worst_user_h": 0.8104698448751372,
          "rider_wait_min": 4.92219484169143,
          "rider_transit_min": 19.391900504562688,
          "rider_worst_user_min": 48.628190692508234,
          "provider_linehaul_kmph": 0.0,
          "provider_odd_cost": 0.0,
          "provider_travel_kmph": 73.71453364874372,
          "mass": 0.5184629364072739
        },
        "5041005": {
          "dispatch_interval_h": 0.5496276461776055,
          "rider_wait_h": 0.27481382308880276,
          "rider_transit_h": 0.5334329646083481,
          "rider_worst_user_h": 1.5389152220012754,
          "rider_wait_min": 16.488829385328167,
          "rider_transit_min": 32.005977876500886,
          "rider_worst_user_min": 92.33491332007652,
          "provider_linehaul_kmph": 5.281940840050766,
          "provider_odd_cost": 0.0,
          "provider_travel_kmph": 36.318911628865116,
          "mass": 0.34545078815535596
        }
      },
      "aggregate_expected": {
        "rider_wait_h": 0.1850826347346486,
        "rider_transit_h": 0.41299289602017947,
        "rider_worst_user_h": 1.5389152220012754,
        "rider_wait_min": 11.104958084078916,
        "rider_transit_min": 24.779573761210766,
        "rider_worst_user_min": 92.33491332007652,
        "provider_linehaul_kmph": 12.298790701625604,
        "provider_odd_cost": 0.0,
        "provider_travel_kmph": 134.06355516580314
      }
    },
    "TSP_original_constrained": {
      "per_district_worst": {
        "5041001": {
          "dispatch_interval_h": 0.6997774945303823,
          "rider_wait_h": 0.34988874726519115,
          "rider_transit_h": 0.7310735381981461,
          "rider_worst_user_h": 2.0307104393568114,
          "rider_wait_min": 20.99332483591147,
          "rider_transit_min": 43.86441229188877,
          "rider_worst_user_min": 121.84262636140869,
          "provider_linehaul_kmph": 7.016849861574838,
          "provider_odd_cost": 0.0,
          "provider_travel_kmph": 39.09512789463059,
          "mass": 0.3574922928769888
        },
        "5041004": {
          "dispatch_interval_h": 0.1640731613897143,
          "rider_wait_h": 0.08203658069485716,
          "rider_transit_h": 0.4654077421575223,
          "rider_worst_user_h": 1.0948886457047589,
          "rider_wait_min": 4.92219484169143,
          "rider_transit_min": 27.92446452945134,
          "rider_worst_user_min": 65.69331874228553,
          "provider_linehaul_kmph": 0.0,
          "provider_odd_cost": 0.0,
          "provider_travel_kmph": 106.14941427195673,
          "mass": 0.7646042123519037
        },
        "5041005": {
          "dispatch_interval_h": 0.5496276461776055,
          "rider_wait_h": 0.27481382308880276,
          "rider_transit_h": 0.8078648422217024,
          "rider_worst_user_h": 2.087778977227984,
          "rider_wait_min": 16.488829385328167,
          "rider_transit_min": 48.471890533302144,
          "rider_worst_user_min": 125.26673863367904,
          "provider_linehaul_kmph": 5.281940840050766,
          "provider_odd_cost": 0.0,
          "provider_travel_kmph": 55.0036719876496,
          "mass": 0.517597930120226
        }
      },