{
  "method": "RS",
  "num_districts": 3,
  "baseline": {
    "obj": 9.12553000309525,
    "depot": "5041002",
    "K_sum": 3.0674648508820894,
    "F_sum": 0.0,
    "num_districts": 3
  },
  "optimized": {
    "obj": 6.2136211229894975,
    "depot": "5070002",
    "K_sum": null,
    "F_sum": null,
    "num_districts": 3
  },
  "improvement": 2.911908880105752,
  "evaluations": {
    "FR_original": {
      "rider": {
        "expected": {
          "walk_s": 832.773862734763,
          "wait_s": 1074.278095057813,
          "transit_s": 2959.0129087547057
        },
        "worstP": {
          "walk_s": 2341.719181980411,
          "wait_s": 1074.278095057813,
          "transit_s": 2959.0129087547057
        },
        "worst_rider": {
          "walk_s": 3298.805776604055
        },
        "worst_user": {
          "walk_s": 3298.805776604055,
          "wait_s": 11263,
          "transit_s": 9316
        },
        "expected_min": {
          "walk_min": 13.879564378912717,
          "wait_min": 17.90463491763022,
          "transit_min": 49.31688181257843
        },
        "worstP_min": {
          "walk_min": 39.028653033006854,
          "wait_min": 17.90463491763022,
          "transit_min": 49.31688181257843
        },
        "worst_rider_min": {
          "walk_min": 54.98009627673425
        },
        "worst_user_min": {
          "walk_min": 54.98009627673425,
          "wait_min": 187.71666666666667,
          "transit_min": 155.26666666666668
        }
      },
      "provider": {
        "expected": {
          "linehaul_kmph": 0.0,
          "travel_kmph": 56.132295624892095,
          "odd_cost": 0.0
        },
        "worst": {
          "linehaul_kmph": 0.0,
          "travel_kmph": 56.132295624892095,
          "odd_cost": 0.0
        }
      }
    },
    "TSP_original_unconstrained": {
      "per_district_worst": {
        "5041001": {
          "dispatch_interval_h": 0.4262988449463887,
          "rider_wait_h": 0.21314942247319435,
          "rider_transit_h": 0.731963147618016,
          "rider_worst_user_h": 1.8471407142378236,
          "rider_wait_min": 12.788965348391661,
          "rider_transit_min": 43.91778885708096,
          "rider_worst_user_min": 110.82844285426941,
          "provider_linehaul_kmph": 3.782053775374464,
          "provider_odd_cost": 0.0,
          "provider_travel_kmph": 15.876337558708991,
          "mass": 0.747531974973981
        },
        "5041002": {
          "dispatch_interval_h": 0.17637134846546396,
          "rider_wait_h": 0.08818567423273198,
          "rider_transit_h": 0.5494755143563843,
          "rider_worst_user_h": 1.2753223771782325,
          "rider_wait_min": 5.291140453963918,
          "rider_transit_min": 32.96853086138306,
          "rider_worst_user_min": 76.51934263069396,
          "provider_linehaul_kmph": 0.0,
          "provider_odd_cost": 0.0,
          "provider_travel_kmph": 23.316955789662007,
          "mass": 0.9786157410731646
        },
        "5041003": {
          "dispatch_interval_h": 0.6747548368673433,
          "rider_wait_h": 0.33737741843367164,
          "rider_transit_h": 1.0980402740535045,
          "rider_worst_user_h": 2.749978634984477,
          "rider_wait_min": 20.242645106020298,
          "rider_transit_min": 65.88241644321027,
          "rider_worst_user_min": 164.9987180990686,
          "provider_linehaul_kmph": 6.7026485749906035,
          "provider_odd_cost": 0.0,
          "provider_travel_kmph": 17.541460235271163,
          "mass": 0.7455811746457403
        }
      },
      "aggregate_worst": {
        "rider_wait_h": 0.2011459070183888,
        "rider_transit_h": 0.7701368097186516,
        "rider_worst_user_h": 2.749978634984477,
        "rider_wait_min": 12.068754421103328,
        "rider_transit_min": 46.208208583119095,
        "rider_worst_user_min": 164.9987180990686,
        "provider_linehaul_kmph": 10.484702350365067,
        "provider_odd_cost": 0.0,
        "provider_travel_kmph": 56.73475358364216
      },
      "per_district_expected": {
        "5041001": {
          "dispatch_interval_h": 0.4262988449463887,
          "rider_wait_h": 0.21314942247319435,
          "rider_transit_h": 0.3964125429986799,
          "rider_worst_user_h": 1.1760395049991514,
          "rider_wait_min": 12.788965348391661,
          "rider_transit_min": 23.784752579920795,
          "rider_worst_user_min": 70.56237029994908,
          "provider_linehaul_kmph": 3.782053775374464,
          "provider_odd_cost": 0.0,
          "provider_travel_kmph": 9.985250915653046,
          "mass": 0.2173848276727193
        },
        "5041002": {
          "dispatch_interval_h": 0.17637134846546396,
          "rider_wait_h": 0.08818567423273198,
          "rider_transit_h": 0.3497598481445984,
          "rider_worst_user_h": 0.8758910447546607,
          "rider_wait_min": 5.291140453963918,
          "rider_transit_min": 20.9855908886759,
          "rider_worst_user_min": 52.55346268527964,
          "provider_linehaul_kmph": 0.0,
          "provider_odd_cost": 0.0,
          "provider_travel_kmph": 14.842035182839881,
          "mass": 0.4451971022673817
        },
        "5041003": {
          "dispatch_interval_h": 0.6747548368673433,
          "rider_wait_h": 0.33737741843367164,
          "rider_transit_h": 0.7268916344186346,
          "rider_worst_user_h": 2.0076813557147366,
          "rider_wait_min": 20.242645106020298,
          "rider_transit_min": 43.61349806511807,
          "rider_worst_user_min": 120.46088134288419,
          "provider_linehaul_kmph": 6.7026485749906035,
          "provider_odd_cost": 0.0,
          "provider_travel_kmph": 13.424720540108481,
          "mass": 0.337418070059899
        }
      },
      "aggregate_expected": {
        "rider_wait_h": 0.19943269451246304,
        "rider_transit_h": 0.4871525156587484,
        "rider_worst_user_h": 2.0076813557147366,
        "rider_wait_min": 11.965961670747783,
        "rider_transit_min": 29.229150939524903,
        "rider_worst_user_min": 120.46088134288419,
        "provider_linehaul_kmph": 10.484702350365067,
        "provider_odd_cost": 0.0,
        "provider_travel_kmph": 38.25200663860141
      }
    },
    "TSP_original_constrained": {
      "per_district_worst": {
        "5041001": {
          "dispatch_interval_h": 0.4262988449463887,
          "rider_wait_h": 0.21314942247319435,
          "rider_transit_h": 0.731963147618016,
          "rider_worst_user_h": 1.8471407142378236,
          "rider_wait_min": 12.788965348391661,
          "rider_transit_min": 43.91778885708096,
          "rider_worst_user_min": 110.82844285426941,
          "provider_linehaul_kmph": 3.782053775374464,
          "provider_odd_cost": 0.0,
          "provider_travel_kmph": 15.876337558708991,
          "mass": 0.747531974973981
        },
        "5041002": {
          "dispatch_interval_h": 0.17637134846546396,
          "rider_wait_h": 0.08818567423273198,
          "rider_transit_h": 0.5494755143563843,
          "rider_worst_user_h": 1.2753223771782325,
          "rider_wait_min": 5.291140453963918,
          "rider_transit_min": 32.96853086138306,
          "rider_worst_user_min": 76.51934263069396,
          "provider_linehaul_kmph": 0.0,
          "provider_odd_cost": 0.0,
          "provider_travel_kmph": 23.316955789662007,
          "mass": 0.9786157410731646
        },
        "5041003": {
          "dispatch_interval_h": 0.6747548368673433,
          "rider_wait_h": 0.33737741843367164,
          "rider_transit_h": 1.0980402740535045,
          "rider_worst_user_h": 2.749978634984477,
          "rider_wait_min": 20.242645106020298,
          "rider_transit_min": 65.88241644321027,
          "rider_worst_user_min": 164.9987180990686,
          "provider_linehaul_kmph": 6.7026485749906035,
          "provider_odd_cost": 0.0,
          "provider_travel_kmph": 17.541460235271163,
          "mass": 0.7455811746457403
        }
      },