{
  "method": "RS",
  "num_districts": 3,
  "baseline": {
    "obj": 8.975613043743929,
    "depot": "5041002",
    "K_sum": 3.0674648508820894,
    "F_sum": 0.0,
    "num_districts": 3
  },
  "optimized": {
    "obj": 6.0421120850123415,
    "depot": "5070002",
    "K_sum": null,
    "F_sum": null,
    "num_districts": 3
  },
  "improvement": 2.933500958731587,
  "evaluations": {
    "FR_original": {
      "rider": {
        "expected": {
          "walk_s": 832.773862734763,
          "wait_s": 1123.4837797071605,
          "transit_s": 2980.7206127475774
        },
        "worstP": {
          "walk_s": 1939.388796153547,
          "wait_s": 1123.4837797071605,
          "transit_s": 2980.7206127475774
        },
        "worst_rider": {
          "walk_s": 3298.805776604055
        },
        "worst_user": {
          "walk_s": 3298.805776604055,
          "wait_s": 11263,
          "transit_s": 9316
        },
        "expected_min": {
          "walk_min": 13.879564378912717,
          "wait_min": 18.724729661786007,
          "transit_min": 49.67867687912629
        },
        "worstP_min": {
          "walk_min": 32.32314660255911,
          "wait_min": 18.724729661786007,
          "transit_min": 49.67867687912629
        },
        "worst_rider_min": {
          "walk_min": 54.98009627673425
        },
        "worst_user_min": {
          "walk_min": 54.98009627673425,
          "wait_min": 187.71666666666667,
          "transit_min": 155.26666666666668
        }
      },
      "provider": {
        "expected": {
          "linehaul_kmph": 0.0,
          "travel_kmph": 56.132295624892095,
          "odd_cost": 0.0
        },
        "worst": {
          "linehaul_kmph": 0.0,
          "travel_kmph": 56.132295624892095,
          "odd_cost": 0.0
        }
      }
    },
    "TSP_original_unconstrained": {
      "per_district_worst": {
        "5041001": {
          "dispatch_interval_h": 0.42415860077419526,
          "rider_wait_h": 0.21207930038709763,
          "rider_transit_h": 0.6360140740289504,
          "rider_worst_user_h": 1.653102322887499,
          "rider_wait_min": 12.724758023225858,
          "rider_transit_min": 38.16084444173703,
          "rider_worst_user_min": 99.18613937324994,
          "provider_linehaul_kmph": 3.8011374825936337,
          "provider_odd_cost": 0.0,
          "provider_travel_kmph": 14.26341966675314,
          "mass": 0.6308950359764228
        },
        "5041002": {
          "dispatch_interval_h": 0.17086623278963184,
          "rider_wait_h": 0.08543311639481592,
          "rider_transit_h": 0.7608963697122164,
          "rider_worst_user_h": 1.6926589722140646,
          "rider_wait_min": 5.125986983688955,
          "rider_transit_min": 45.65378218273298,
          "rider_worst_user_min": 101.55953833284387,
          "provider_linehaul_kmph": 0.0,
          "provider_odd_cost": 0.0,
          "provider_travel_kmph": 33.32888678843748,
          "mass": 0.8785197899437829
        },
        "5041003": {
          "dispatch_interval_h": 0.6744206553840771,
          "rider_wait_h": 0.33721032769203857,
          "rider_transit_h": 0.8003526869363705,
          "rider_worst_user_h": 2.1542692792669427,
          "rider_wait_min": 20.232619661522314,
          "rider_transit_min": 48.02116121618223,
          "rider_worst_user_min": 129.25615675601657,
          "provider_linehaul_kmph": 6.705969797472033,
          "provider_odd_cost": 0.0,
          "provider_travel_kmph": 14.246598237422432,
          "mass": 0.645990941344052
        }
      },
      "aggregate_worst": {
        "rider_wait_h": 0.1979623905689365,
        "rider_transit_h": 0.7361682198056857,
        "rider_worst_user_h": 2.1542692792669427,
        "rider_wait_min": 11.877743434136189,
        "rider_transit_min": 44.17009318834114,
        "rider_worst_user_min": 129.25615675601657,
        "provider_linehaul_kmph": 10.507107280065666,
        "provider_odd_cost": 0.0,
        "provider_travel_kmph": 61.838904692613056
      },
      "per_district_expected": {
        "5041001": {
          "dispatch_interval_h": 0.42415860077419526,
          "rider_wait_h": 0.21207930038709763,
          "rider_transit_h": 0.23612379403177083,
          "rider_worst_user_h": 0.8533217628931398,
          "rider_wait_min": 12.724758023225858,
          "rider_transit_min": 14.16742764190625,
          "rider_worst_user_min": 51.199305773588385,
          "provider_linehaul_kmph": 3.8011374825936337,
          "provider_odd_cost": 0.0,
          "provider_travel_kmph": 7.207329681119898,
          "mass": 0.2173848276727193
        },
        "5041002": {
          "dispatch_interval_h": 0.17086623278963184,
          "rider_wait_h": 0.08543311639481592,
          "rider_transit_h": 0.18855787864825754,
          "rider_worst_user_h": 0.5479819900861469,
          "rider_wait_min": 5.125986983688955,
          "rider_transit_min": 11.313472718895452,
          "rider_worst_user_min": 32.878919405168816,
          "provider_linehaul_kmph": 0.0,
          "provider_odd_cost": 0.0,
          "provider_travel_kmph": 8.259237973382081,
          "mass": 0.4451971022673817
        },
        "5041003": {
          "dispatch_interval_h": 0.6744206553840771,
          "rider_wait_h": 0.33721032769203857,
          "rider_transit_h": 0.4527135180066836,
          "rider_worst_user_h": 1.4589909414075688,
          "rider_wait_min": 20.232619661522314,
          "rider_transit_min": 27.162811080401013,
          "rider_worst_user_min": 87.53945648445412,
          "provider_linehaul_kmph": 6.705969797472033,
          "provider_odd_cost": 0.0,
          "provider_travel_kmph": 10.388712322972387,
          "mass": 0.337418070059899
        }
      },
      "aggregate_expected": {
        "rider_wait_h": 0.19791825599835783,
        "rider_transit_h": 0.28802887299475655,
        "rider_worst_user_h": 1.4589909414075688,
        "rider_wait_min": 11.87509535990147,
        "rider_transit_min": 17.281732379685394,
        "rider_worst_user_min": 87.53945648445412,
        "provider_linehaul_kmph": 10.507107280065666,
        "provider_odd_cost": 0.0,
        "provider_travel_kmph": 25.855279977474368
      }
    },
    "TSP_original_constrained": {
      "per_district_worst": {
        "5041001": {
          "dispatch_interval_h": 0.42415860077419526,
          "rider_wait_h": 0.21207930038709763,
          "rider_transit_h": 0.48777960476253357,
          "rider_worst_user_h": 1.3566333843546654,
          "rider_wait_min": 12.724758023225858,
          "rider_transit_min": 29.266776285752016,
          "rider_worst_user_min": 81.39800306127992,
          "provider_linehaul_kmph": 3.8011374825936337,
          "provider_odd_cost": 0.0,
          "provider_travel_kmph": 11.647812820485711,
          "mass": 0.6308950359764228
        },
        "5041002": {
          "dispatch_interval_h": 0.17086623278963184,
          "rider_wait_h": 0.08543311639481592,
          "rider_transit_h": 0.6308183555148174,
          "rider_worst_user_h": 1.4325029438192665,
          "rider_wait_min": 5.125986983688955,
          "rider_transit_min": 37.84910133088904,
          "rider_worst_user_min": 85.95017662915599,
          "provider_linehaul_kmph": 0.0,
          "provider_odd_cost": 0.0,
          "provider_travel_kmph": 27.63119183098936,
          "mass": 0.8785197899437829
        },
        "5041003": {
          "dispatch_interval_h": 0.6744206553840771,
          "rider_wait_h": 0.33721032769203857,
          "rider_transit_h": 0.658005194917768,
          "rider_worst_user_h": 1.8695742952297376,
          "rider_wait_min": 20.232619661522314,
          "rider_transit_min": 39.48031169506608,
          "rider_worst_user_min": 112.17445771378425,
          "provider_linehaul_kmph": 6.705969797472033,
          "provider_odd_cost": 0.0,
          "provider_travel_kmph": 12.666913226361642,
          "mass": 0.645990941344052
        }
      },