{
  "method": "RS",
  "num_districts": 3,
  "baseline": {
    "obj": 1.2654068635558782,
    "depot": "5041004",
    "K_sum": 3.906667163397583,
    "F_sum": 0.0,
    "num_districts": 3
  },
  "optimized": {
    "obj": 0.9712518155737162,
    "depot": "5080002",
    "K_sum": null,
    "F_sum": null,
    "num_districts": 3
  },
  "improvement": 0.29415504798216197,
  "evaluations": {
    "FR_original": {
      "rider": {
        "expected": {
          "walk_s": 754.4546705454454,
          "wait_s": 966.1012798436994,
          "transit_s": 2783.9123694553314
        },
        "worstP": {
          "walk_s": 1423.3357899887176,
          "wait_s": 966.1012798436994,
          "transit_s": 2783.9123694553314
        },
        "worst_rider": {
          "walk_s": 3298.805776604055
        },
        "worst_user": {
          "walk_s": 3298.805776604055,
          "wait_s": 11263,
          "transit_s": 9316
        },
        "expected_min": {
          "walk_min": 12.574244509090757,
          "wait_min": 16.10168799739499,
          "transit_min": 46.39853949092219
        },
        "worstP_min": {
          "walk_min": 23.722263166478626,
          "wait_min": 16.10168799739499,
          "transit_min": 46.39853949092219
        },
        "worst_rider_min": {
          "walk_min": 54.98009627673425
        },
        "worst_user_min": {
          "walk_min": 54.98009627673425,
          "wait_min": 187.71666666666667,
          "transit_min": 155.26666666666668
        }
      },
      "provider": {
        "expected": {
          "linehaul_kmph": 0.0,
          "travel_kmph": 56.132295624892095,
          "odd_cost": 0.0
        },
        "worst": {
          "linehaul_kmph": 0.0,
          "travel_kmph": 56.132295624892095,
          "odd_cost": 0.0
        }
      }
    },
    "TSP_original_unconstrained": {
      "per_district_worst": {
        "5041001": {
          "dispatch_interval_h": 5.468955582918653,
          "rider_wait_h": 2.7344777914593266,
          "rider_transit_h": 1.8081702026652104,
          "rider_worst_user_h": 8.954081856679212,
          "rider_wait_min": 164.0686674875596,
          "rider_transit_min": 108.49021215991263,
          "rider_worst_user_min": 537.2449114007527,
          "provider_linehaul_kmph": 0.8978375379322835,
          "provider_odd_cost": 0.0,
          "provider_travel_kmph": 12.372471345123905,
          "mass": 0.3574922928769888
        },
        "5041004": {
          "dispatch_interval_h": 2.523909619749867,
          "rider_wait_h": 1.2619548098749336,
          "rider_transit_h": 1.82537345209824,
          "rider_worst_user_h": 6.174656523946347,
          "rider_wait_min": 75.71728859249602,
          "rider_transit_min": 109.5224071258944,
          "rider_worst_user_min": 370.4793914367808,
          "provider_linehaul_kmph": 0.0,
          "provider_odd_cost": 0.0,
          "provider_travel_kmph": 27.06446681957991,
          "mass": 0.7646042123519037
        },
        "5041005": {
          "dispatch_interval_h": 4.633326675631425,
          "rider_wait_h": 2.3166633378157124,
          "rider_transit_h": 2.1979180378958683,
          "rider_worst_user_h": 8.951584398030136,
          "rider_wait_min": 138.99980026894275,
          "rider_transit_min": 131.8750822737521,
          "rider_worst_user_min": 537.0950638818081,
          "provider_linehaul_kmph": 0.6265693991392989,
          "provider_odd_cost": 0.0,
          "provider_travel_kmph": 17.75170681162765,
          "mass": 0.517597930120226
        }
      },
      "aggregate_worst": {
        "rider_wait_h": 1.9159367621370604,
        "rider_transit_h": 1.9392228824415552,
        "rider_worst_user_h": 8.954081856679212,
        "rider_wait_min": 114.95620572822362,
        "rider_transit_min": 116.35337294649331,
        "rider_worst_user_min": 537.2449114007527,
        "provider_linehaul_kmph": 1.5244069370715825,
        "provider_odd_cost": 0.0,
        "provider_travel_kmph": 57.18864497633147
      },
      "per_district_expected": {
        "5041001": {
          "dispatch_interval_h": 5.468955582918653,
          "rider_wait_h": 2.7344777914593266,
          "rider_transit_h": 1.0206162890473756,
          "rider_worst_user_h": 7.378974029443541,
          "rider_wait_min": 164.0686674875596,
          "rider_transit_min": 61.236977342842536,
          "rider_worst_user_min": 442.7384417666125,
          "provider_linehaul_kmph": 0.8978375379322835,
          "provider_odd_cost": 0.0,
          "provider_travel_kmph": 6.983604625268447,
          "mass": 0.13608627543737012
        },
        "5041004": {
          "dispatch_interval_h": 2.523909619749867,
          "rider_wait_h": 1.2619548098749336,
          "rider_transit_h": 1.2676146512827933,
          "rider_worst_user_h": 5.059138922315453,
          "rider_wait_min": 75.71728859249602,
          "rider_transit_min": 76.05687907696759,
          "rider_worst_user_min": 303.5483353389272,
          "provider_linehaul_kmph": 0.0,
          "provider_odd_cost": 0.0,
          "provider_travel_kmph": 18.79468260602824,
          "mass": 0.5184629364072739
        },
        "5041005": {
          "dispatch_interval_h": 4.633326675631425,
          "rider_wait_h": 2.3166633378157124,
          "rider_transit_h": 1.4011227942517916,
          "rider_worst_user_h": 7.357993910741982,
          "rider_wait_min": 138.99980026894275,
          "rider_transit_min": 84.0673676551075,
          "rider_worst_user_min": 441.4796346445189,
          "provider_linehaul_kmph": 0.6265693991392989,
          "provider_odd_cost": 0.0,
          "provider_travel_kmph": 11.316309626567012,
          "mass": 0.34545078815535596
        }
      },
      "aggregate_expected": {
        "rider_wait_h": 1.826694870186002,
        "rider_transit_h": 1.2801220573408432,
        "rider_worst_user_h": 7.378974029443541,
        "rider_wait_min": 109.60169221116011,
        "rider_transit_min": 76.80732344045059,
        "rider_worst_user_min": 442.7384417666125,
        "provider_linehaul_kmph": 1.5244069370715825,
        "provider_odd_cost": 0.0,
        "provider_travel_kmph": 37.0945968578637
      }
    },
    "TSP_original_constrained": {
      "per_district_worst": {
        "5041001": {
          "dispatch_interval_h": 5.468955582918653,
          "rider_wait_h": 2.7344777914593266,
          "rider_transit_h": 1.8081702026652104,
          "rider_worst_user_h": 8.954081856679212,
          "rider_wait_min": 164.0686674875596,
          "rider_transit_min": 108.49021215991263,
          "rider_worst_user_min": 537.2449114007527,
          "provider_linehaul_kmph": 0.8978375379322835,
          "provider_odd_cost": 0.0,
          "provider_travel_kmph": 12.372471345123905,
          "mass": 0.3574922928769888
        },
        "5041004": {
          "dispatch_interval_h": 2.523909619749867,
          "rider_wait_h": 1.2619548098749336,
          "rider_transit_h": 1.82537345209824,
          "rider_worst_user_h": 6.174656523946347,
          "rider_wait_min": 75.71728859249602,
          "rider_transit_min": 109.5224071258944,
          "rider_worst_user_min": 370.4793914367808,
          "provider_linehaul_kmph": 0.0,
          "provider_odd_cost": 0.0,
          "provider_travel_kmph": 27.06446681957991,
          "mass": 0.7646042123519037
        },
        "5041005": {
          "dispatch_interval_h": 4.633326675631425,
          "rider_wait_h": 2.3166633378157124,
          "rider_transit_h": 2.1979180378958683,
          "rider_worst_user_h": 8.951584398030136,
          "rider_wait_min": 138.99980026894275,
          "rider_transit_min": 131.8750822737521,
          "rider_worst_user_min": 537.0950638818081,
          "provider_linehaul_kmph": 0.6265693991392989,
          "provider_odd_cost": 0.0,
          "provider_travel_kmph": 17.75170681162765,
          "mass": 0.517597930120226
        }
      },