{
  "method": "RS",
  "num_districts": 3,
  "baseline": {
    "obj": 8.975613043743929,
    "depot": "5041002",
    "K_sum": 3.0674648508820894,
    "F_sum": 0.0,
    "num_districts": 3
  },
  "optimized": {
    "obj": 6.0421120850123415,
    "depot": "5070002",
    "K_sum": null,
    "F_sum": null,
    "num_districts": 3
  },
  "improvement": 2.933500958731587,
  "evaluations": {
    "FR_original": {
      "rider": {
        "expected": {
          "walk_s": 832.773862734763,
          "wait_s": 1126.8518562690015,
          "transit_s": 2976.1115358105153
        },
        "worstP": {
          "walk_s": 1939.388796153547,
          "wait_s": 1126.8518562690015,
          "transit_s": 2976.1115358105153
        },
        "worst_rider": {
          "walk_s": 3298.805776604055
        },
        "worst_user": {
          "walk_s": 3298.805776604055,
          "wait_s": 11263,
          "transit_s": 9316
        },
        "expected_min": {
          "walk_min": 13.879564378912717,
          "wait_min": 18.780864271150026,
          "transit_min": 49.601858930175254
        },
        "worstP_min": {
          "walk_min": 32.32314660255911,
          "wait_min": 18.780864271150026,
          "transit_min": 49.601858930175254
        },
        "worst_rider_min": {
          "walk_min": 54.98009627673425
        },
        "worst_user_min": {
          "walk_min": 54.98009627673425,
          "wait_min": 187.71666666666667,
          "transit_min": 155.26666666666668
        }
      },
      "provider": {
        "expected": {
          "linehaul_kmph": 0.0,
          "travel_kmph": 56.132295624892095,
          "odd_cost": 0.0
        },
        "worst": {
          "linehaul_kmph": 0.0,
          "travel_kmph": 56.132295624892095,
          "odd_cost": 0.0
        }
      }
    },
    "TSP_original_unconstrained": {
      "per_district_worst": {
        "5041001": {
          "dispatch_interval_h": 0.42415860077419526,
          "rider_wait_h": 0.21207930038709763,
          "rider_transit_h": 0.38654404657333863,
          "rider_worst_user_h": 1.1541622679762755,
          "rider_wait_min": 12.724758023225858,
          "rider_transit_min": 23.192642794400317,
          "rider_worst_user_min": 69.24973607857653,
          "provider_linehaul_kmph": 3.8011374825936337,
          "provider_odd_cost": 0.0,
          "provider_travel_kmph": 9.861504815365388,
          "mass": 0.6308950359764228
        },
        "5041002": {
          "dispatch_interval_h": 0.17086623278963184,
          "rider_wait_h": 0.08543311639481592,
          "rider_transit_h": 0.2797447948522106,
          "rider_worst_user_h": 0.7303558224940531,
          "rider_wait_min": 5.125986983688955,
          "rider_transit_min": 16.784687691132635,
          "rider_worst_user_min": 43.821349349643185,
          "provider_linehaul_kmph": 0.0,
          "provider_odd_cost": 0.0,
          "provider_travel_kmph": 12.253419740733326,
          "mass": 0.8785197899437829
        },
        "5041003": {
          "dispatch_interval_h": 0.6744206553840771,
          "rider_wait_h": 0.33721032769203857,
          "rider_transit_h": 0.6171754926088526,
          "rider_worst_user_h": 1.787914890611907,
          "rider_wait_min": 20.232619661522314,
          "rider_transit_min": 37.03052955653116,
          "rider_worst_user_min": 107.27489343671441,
          "provider_linehaul_kmph": 6.705969797472033,
          "provider_odd_cost": 0.0,
          "provider_travel_kmph": 12.21381027506385,
          "mass": 0.645990941344052
        }
      },
      "aggregate_worst": {
        "rider_wait_h": 0.1979623905689365,
        "rider_transit_h": 0.4121357794978708,
        "rider_worst_user_h": 1.787914890611907,
        "rider_wait_min": 11.877743434136189,
        "rider_transit_min": 24.728146769872247,
        "rider_worst_user_min": 107.27489343671441,
        "provider_linehaul_kmph": 10.507107280065666,
        "provider_odd_cost": 0.0,
        "provider_travel_kmph": 34.32873483116256
      },
      "per_district_expected": {
        "5041001": {
          "dispatch_interval_h": 0.42415860077419526,
          "rider_wait_h": 0.21207930038709763,
          "rider_transit_h": 0.23612379403177083,
          "rider_worst_user_h": 0.8533217628931398,
          "rider_wait_min": 12.724758023225858,
          "rider_transit_min": 14.16742764190625,
          "rider_worst_user_min": 51.199305773588385,
          "provider_linehaul_kmph": 3.8011374825936337,
          "provider_odd_cost": 0.0,
          "provider_travel_kmph": 7.207329681119898,
          "mass": 0.2173848276727193
        },
        "5041002": {
          "dispatch_interval_h": 0.17086623278963184,
          "rider_wait_h": 0.08543311639481592,
          "rider_transit_h": 0.18855787864825754,
          "rider_worst_user_h": 0.5479819900861469,
          "rider_wait_min": 5.125986983688955,
          "rider_transit_min": 11.313472718895452,
          "rider_worst_user_min": 32.878919405168816,
          "provider_linehaul_kmph": 0.0,
          "provider_odd_cost": 0.0,
          "provider_travel_kmph": 8.259237973382081,
          "mass": 0.4451971022673817
        },
        "5041003": {
          "dispatch_interval_h": 0.6744206553840771,
          "rider_wait_h": 0.33721032769203857,
          "rider_transit_h": 0.4527135180066836,
          "rider_worst_user_h": 1.4589909414075688,
          "rider_wait_min": 20.232619661522314,
          "rider_transit_min": 27.162811080401013,
          "rider_worst_user_min": 87.53945648445412,
          "provider_linehaul_kmph": 6.705969797472033,
          "provider_odd_cost": 0.0,
          "provider_travel_kmph": 10.388712322972387,
          "mass": 0.337418070059899
        }
      },
      "aggregate_expected": {
        "rider_wait_h": 0.19791825599835783,
        "rider_transit_h": 0.28802887299475655,
        "rider_worst_user_h": 1.4589909414075688,
        "rider_wait_min": 11.87509535990147,
        "rider_transit_min": 17.281732379685394,
        "rider_worst_user_min": 87.53945648445412,
        "provider_linehaul_kmph": 10.507107280065666,
        "provider_odd_cost": 0.0,
        "provider_travel_kmph": 25.855279977474368
      }
    },
    "TSP_original_constrained": {
      "per_district_worst": {
        "5041001": {
          "dispatch_interval_h": 0.42415860077419526,
          "rider_wait_h": 0.21207930038709763,
          "rider_transit_h": 0.38654404657333863,
          "rider_worst_user_h": 1.1541622679762755,
          "rider_wait_min": 12.724758023225858,
          "rider_transit_min": 23.192642794400317,
          "rider_worst_user_min": 69.24973607857653,
          "provider_linehaul_kmph": 3.8011374825936337,
          "provider_odd_cost": 0.0,
          "provider_travel_kmph": 9.861504815365388,
          "mass": 0.6308950359764228
        },
        "5041002": {
          "dispatch_interval_h": 0.17086623278963184,
          "rider_wait_h": 0.08543311639481592,
          "rider_transit_h": 0.2797447948522106,
          "rider_worst_user_h": 0.7303558224940531,
          "rider_wait_min": 5.125986983688955,
          "rider_transit_min": 16.784687691132635,
          "rider_worst_user_min": 43.821349349643185,
          "provider_linehaul_kmph": 0.0,
          "provider_odd_cost": 0.0,
          "provider_travel_kmph": 12.253419740733326,
          "mass": 0.8785197899437829
        },
        "5041003": {
          "dispatch_interval_h": 0.6744206553840771,
          "rider_wait_h": 0.33721032769203857,
          "rider_transit_h": 0.6171754926088526,
          "rider_worst_user_h": 1.787914890611907,
          "rider_wait_min": 20.232619661522314,
          "rider_transit_min": 37.03052955653116,
          "rider_worst_user_min": 107.27489343671441,
          "provider_linehaul_kmph": 6.705969797472033,
          "provider_odd_cost": 0.0,
          "provider_travel_kmph": 12.21381027506385,
          "mass": 0.645990941344052
        }
      },